,country,city_abbr,function,coords
0,NL,,,
1,NL,AAH,--3-----,5300N 00646E
2,NL,ALB,--3-----,
3,NL,AAM,1-------,
4,NL,AMB,1-3-----,5216N 00445E
5,NL,AAL,1-3-----,5157N 00532E
6,NL,LTE,--3-----,
7,NL,AZU,--3-----,5210N 00454E
8,NL,AAR,--3-----,
9,NL,ADV,--3-----,5208N 00444E
10,NL,ARI,1-3-----,5130N 00538E
11,NL,AGT,--3-----,5302N 00534E
12,NL,ABB,--3-----,
13,NL,ABK,--3-----,
14,NL,ABE,--3-----,5214N 00435E
15,NL,ABC,--3-----,
16,NL,QCJ,--3-----,
17,NL,ACH,--3-----,5208N 00530E
18,NL,AHO,1-3-----,5203N 00459E
19,NL,AHZ,--3-----,5141N 00416E
20,NL,ACK,--3-----,5315N 00609E
21,NL,ADU,--3-----,5315N 00628E
22,NL,AEH,--3-----,
23,NL,AKL,1-------,
24,NL,AKR,--3-----,
25,NL,ABN,--3-----,
26,NL,ABL,1-------,
27,NL,AWD,123--6--,5151N 00425E
28,NL,ALK,123-----,5238N 00445E
29,NL,ALW,--3-----,5303N 00527E
30,NL,ALM,123-----,5221N 00640E
31,NL,AMN,-----6--,5209N 00618E
32,NL,AER,1-3--6--,5222N 00513E
33,NL,AKK,--3-----,
34,NL,APH,--3-----,5129N 00457E
35,NL,APN,123-----,5208N 00440E
36,NL,AAC,--3-----,5129N 00457E
37,NL,5RD,--3-----,5241N 00629E
38,NL,VRT,--3-----,5303N 00700E
39,NL,ART,--3-----,5151N 00534E
40,NL,AED,--3--6--,5157N 00458E
41,NL,AML,1--4----,
42,NL,ZAI,-----6--,5126N 00559E
43,NL,AMR,1-3-----,5200N 00528E
44,NL,AME,123-----,5209N 00523E
45,NL,AMZ,--3-----,
46,NL,ALH,-23-----,5214N 00450E
47,NL,AMV,--3-----,
48,NL,ATR,-----6--,5056N 00556E
49,NL,AMS,12345---,5224N 00449E
50,NL,ANL,--3-----,
51,NL,ANT,--3-----,
52,NL,AND,--3-----,5300N 00641E
53,NL,AIJ,--3-----,
54,NL,REN,--3-----,5155N 00558E
55,NL,AJM,--3-----,
56,NL,ANP,1-3-----,5252N 00452E
57,NL,NNE,--3-----,
58,NL,APE,-23-----,
59,NL,APS,--3-----,5257N 00622E
60,NL,APP,1-3-----,5319N 00652E
61,NL,ARC,1-3-----,5129N 00611E
62,NL,ARK,--3-----,
63,NL,ARM,--3-----,
64,NL,ARN,-23-----,
65,NL,ARU,--3-----,5308N 00529E
66,NL,ASC,--3-----,5156N 00519E
67,NL,ASP,--3-----,
68,NL,ASS,--3-----,
69,NL,ASD,--3-----,
70,NL,AST,--3-----,5124N 00544E
71,NL,ZAC,-----6--,5313N 00610E
72,NL,AVE,--3-----,
73,NL,AXL,--3-----,5116N 00355E
74,NL,BA2,--3-----,5207N 00620E
75,NL,BGE,123-----,5215N 00459E
76,NL,ARD,--3-----,5309N 00540E
77,NL,BRA,1-3-----,5124N 00352E
78,NL,BNS,--3-----,
79,NL,BLO,--3-----,
80,NL,BAA,-23-----,5213N 00516E
81,NL,BBR,--3-----,5154N 00607E
82,NL,BAD,--3-----,
83,NL,BXE,--3-----,
84,NL,BAF,--3-----,
85,NL,BAK,--3-----,5130N 00544E
86,NL,BKH,--3-----,5252N 00527E
87,NL,BAL,--3-----,
88,NL,BKB,--3-----,
89,NL,BAN,1-3-----,5246N 00545E
90,NL,BRR,123-----,
91,NL,BAR,--3-----,
92,NL,BGO,1-3-----,5247N 00451E
93,NL,BHM,1-3-----,5317N 00550E
94,NL,BTH,--3-----,
95,NL,BAV,--3-----,
96,NL,BED,--3-----,
97,NL,BGD,--3-----,5111N 00555E
98,NL,BEQ,--3-----,
99,NL,ZAK,---4-6--,5132N 00557E
100,NL,BEE,--3-----,
101,NL,BSR,--3-----,5255N 00500E
102,NL,BBB,--3-----,5143N 00550E
103,NL,BSD,--3-----,
104,NL,BSL,1-3-----,5116N 00602E
105,NL,BGM,--3-----,5314N 00541E
106,NL,BTS,1-3-----,5235N 00458E
107,NL,BEZ,--3-----,5330N 00650E
108,NL,BEI,--3-----,
109,NL,BSP,--3-----,5217N 00435E
110,NL,BEW,--3-----,
111,NL,BFD,1-3-----,5119N 00607E
112,NL,NWR,--3-----,5307N 00709E
113,NL,BEM,1-3-----,5154N 00554E
114,NL,BUW,--3-----,5153N 00531E
115,NL,BEB,--3-----,
116,NL,BKM,--3-----,
117,NL,BBK,--3-----,5242N 00502E
118,NL,HOP,-----6--,5200N 00459E
119,NL,BTO,-2------,5214N 00641E
120,NL,BHZ,--3-----,
121,NL,BEN,--3-----,
122,NL,BRG,--3-----,5120N 00551E
123,NL,BTT,--3-----,
124,NL,BGB,--3-----,
125,NL,BEY,--3-----,5119N 00522E
126,NL,BRX,--3-----,5136N 00602E
127,NL,BGN,--3-----,5240N 04420E
128,NL,BEG,1-------,
129,NL,BZM,123-----,5130N 00418E
130,NL,BGH,-23-----,5232N 00637E
131,NL,BGI,1-3-----,
132,NL,BGY,-----6--,5119N 00521E
133,NL,BHR,--3-----,5151N 00540E
134,NL,BEH,--3-----,
135,NL,BHE,--3-----,5146N 00534E
136,NL,BEK,--3-----,5159N 00429E
137,NL,BGU,--3-----,
138,NL,BEJ,--3-----,5120N 00557E
139,NL,BKE,--3-----,
140,NL,BER,-23-----,5159N 00429E
141,NL,BES,--3-----,
142,NL,KLL,--3-----,5207N 00632E
143,NL,BKT,--3--6--,5238N 00500E
144,NL,BLU,1-3-----,5140N 00523E
145,NL,BLM,--3-----,5315N 00539E
146,NL,EEZ,--3-----,5144N 00532E
147,NL,BST,1-3-----,5130N 00524E
148,NL,BEU,--3-----,
149,NL,BNN,1-3-----,5152N 00547E
150,NL,BEC,--3-----,
151,NL,BEV,123-----,
152,NL,BNZ,1-3-----,5227N 00542E
153,NL,BIR,--3-----,5323N 00652E
154,NL,BRV,--3-----,5119N 00341E
155,NL,BIT,1-3-----,5131N 00509E
156,NL,BZO,-23--6--,5137N 00511E
157,NL,BDR,1-3-----,5213N 00443E
158,NL,BHV,--3-----,
159,NL,BNM,1-------,
160,NL,BDA,1-3-----,5318N 00553E
161,NL,BLD,--3-----,
162,NL,BLL,--3-----,
163,NL,BLA,--3-----,
164,NL,BLW,--3-----,
165,NL,BLE,123-----,5122N 00610E
166,NL,BLG,--3-----,
167,NL,BLI,--3-----,5321N 00551E
168,NL,BMD,--3-----,
169,NL,BLK,--3-----,
170,NL,BZL,--3-----,5243N 00558E
171,NL,BNH,1-3-----,5305N 00549E
172,NL,BOA,--3-----,5305N 00541E
173,NL,BDK,--3-----,5239N 00500E
174,NL,BOG,1-3-----,5205N 00445E
175,NL,BRW,--3-----,5205N 00445E
176,NL,BCP,--3-----,5156N 00507E
177,NL,BEL,--3-----,5136N 00540E
178,NL,BOE,--3-----,5235N 00445E
179,NL,BKL,--3-----,
180,NL,BUE,--3-----,
181,NL,BOL,--3-----,
182,NL,BOK,--3-----,5257N 00601E
183,NL,BZW,1-3-----,5253N 00534E
184,NL,BWW,1-3-----,5257N 00545E
185,NL,BMK,--3-----,
186,NL,BRC,--3-----,
187,NL,BGR,--3--6--,5255N 00647E
188,NL,BOO,--3-----,5253N 00652E
189,NL,BGW,1-3-----,5318N 00701E
190,NL,BON,1-3-----,5102N 00549E
191,NL,BRE,--3-----,5218N 00645E
192,NL,BNB,--3-----,
193,NL,BOR,1-3-----,5125N 00343E
194,NL,BXC,--3-----,5116N 00535E
195,NL,UTB,--3-----,5207N 00515E
196,NL,BSK,1-3-----,
197,NL,BOS,--3-----,5134N 00433E
198,NL,BSH,1-3-----,5134N 00605E
199,NL,BOT,1-3-----,5153N 00417E
200,NL,BTA,1-3-----,5301N 00712E
201,NL,HRX,--3-----,5149N 00453E
202,NL,BOV,--3-----,5241N 00514E
203,NL,BVL,--3-----,5153N 03310E
204,NL,BVI,1-3-----,5259N 00629E
205,NL,BOX,--3-----,
206,NL,BXT,--3-----,
207,NL,BMT,--3-----,5155N 00616E
208,NL,BRK,--3-----,
209,NL,BTG,--3-----,5321N 00556E
210,NL,BRD,123-----,5134N 00448E
211,NL,BDV,--3-----,5157N 00637W
212,NL,BRZ,--3-----,
213,NL,BRS,1-3-----,5123N 00334E
214,NL,RUK,1-3-----,
215,NL,BRI,1-3-----,
216,NL,BRT,-2---6--,5315N 00547E
217,NL,BIW,--3-----,
218,NL,BRL,--3-----,
219,NL,BRH,-----6--,5129N 00609E
220,NL,BCK,--3-----,5203N 00618E
221,NL,BRO,1-------,
222,NL,BRU,--3-----,
223,NL,BSE,1-3-----,
224,NL,BRM,1-3-----,
225,NL,BRN,--3-----,
226,NL,BUD,1--4----,
227,NL,BDD,-23-----,5114N 00534E
228,NL,BNU,1-3-----,5114N 00559E
229,NL,BKA,--3-----,5213N 00434E
230,NL,BUI,-----6--,5315N 00609E
231,NL,BNE,123-----,5053N 00544E
232,NL,BUK,--3-----,
233,NL,BNK,--3-----,
234,NL,BUN,1-3-----,
235,NL,BSB,-----6--,5214N 00522E
236,NL,BUR,--3-----,5154N 00520E
237,NL,BGG,--3-----,5245N 00442E
238,NL,BVG,1-3-----,5245N 00441E
239,NL,BMS,-----6--,5142N 00344E
240,NL,BHS,1-------,5141N 00345E
241,NL,BWE,1-3-----,5305N 00533E
242,NL,BUU,--3-----,5316N 00614E
243,NL,SSO,1----6--,5212N 00608E
244,NL,BSS,--3-----,
245,NL,CDK,--3-----,5050N 00546E
246,NL,CZD,1-3-----,5122N 00324E
247,NL,CTO,--3-----,5250N 00442E
248,NL,CPD,1-3-----,5245N 00439E
249,NL,CAP,--3-----,
250,NL,CPI,1-------,
251,NL,CSY,--3-----,5129N 00602E
252,NL,CAS,--3-----,
253,NL,CAA,-----6--,5130N 00452E
254,NL,COE,123-----,
255,NL,COL,--3-----,5136N 00351E
256,NL,CHJ,--3-----,5215N 00613E
257,NL,COT,--3-----,
258,NL,CRK,--3-----,5118N 00535E
259,NL,CRI,123-----,5246N 00540E
260,NL,CIJ,--3-----,5144N 00426E
261,NL,CRU,--3-----,
262,NL,CUY,--3-----,5144N 00553E
263,NL,CUB,1-3-----,
264,NL,TRE,--3-----,5242N 00645E
265,NL,DAL,--3-----,
266,NL,DAM,--3-----,5317N 00559E
267,NL,DTU,--3-----,5317N 00600E
268,NL,DBI,--3-----,
269,NL,BLS,--3-----,5250N 00630E
270,NL,DBT,--3-----,5249N 00608E
271,NL,CDP,1-3-----,5309N 00453E
272,NL,DFM,--3-----,5258N 00547E
273,NL,ZAM,-----6--,5207N 00532E
274,NL,OOR,--3-----,5238N 00457E
275,NL,DHA,--3-----,5249N 00559E
276,NL,DHK,1-3-----,5253N 00456E
277,NL,DHE,1-3-----,5137N 00416E
278,NL,EUG,--3-----,5153N 00630E
279,NL,DEH,-----6--,5212N 00450E
280,NL,DKP,--3-----,
281,NL,DKL,--3-----,5203N 00535E
282,NL,DKO,1-3-----,5255N 00448E
283,NL,DKR,--3-----,
284,NL,DKW,--3-----,
285,NL,DLR,--3-----,
286,NL,DLU,--3-----,
287,NL,DMA,--3-----,5322N 00623E
288,NL,DEM,--3-----,
289,NL,DM9,--3-----,5137N 00500E
290,NL,DPO,--3-----,5308N 00631E
291,NL,DPS,-23-----,5219N 00701E
292,NL,DRP,1-3-----,5234N 00451E
293,NL,RIP,--3-----,5133N 00548E
294,NL,RVE,--3-----,5212N 00452E
295,NL,RUY,------7-,5218N 00403E
296,NL,DSG,-23-----,5201N 00603E
297,NL,DSO,1-3-----,5247N 00454E
298,NL,DEA,--3-----,5304N 00449E
299,NL,DWS,--3-----,5315N 00602E
300,NL,DWK,--3-----,5240N 00617E
301,NL,DWG,--3-----,5306N 00602E
302,NL,DEW,--3-----,
303,NL,WOD,--3-----,5240N 00626E
304,NL,DZK,--3-----,
305,NL,DED,--3-----,
306,NL,DST,1-3-----,5153N 00540E
307,NL,DLL,--3-----,5153N 00515E
308,NL,DEL,123-----,5216N 00643E
309,NL,DGW,--3-----,
310,NL,DFT,123-----,
311,NL,DZL,123-----,5231N 00656E
312,NL,DMK,123-----,5212N 00456E
313,NL,DBM,1-3-----,
314,NL,DBG,--3-----,5302N 00447W
315,NL,DDO,--3-----,
316,NL,DHM,--3-----,5316N 00625E
317,NL,DH2,--3-----,5228N 00630E
318,NL,DHR,123-----,5257N 00446E
319,NL,DHO,1-3-----,5243N 00647E
320,NL,DHN,--3-----,
321,NL,DTK,--3-----,5302N 00445E
322,NL,NB4,--3-----,5139N 00449E
323,NL,DIL,-----6--,5227N 00455E
324,NL,DEN,--3-----,5223N 00659E
325,NL,DEU,--3-----,5128N 00548E
326,NL,AZQ,--3-----,5218N 00650E
327,NL,DEV,123-----,
328,NL,DDM,--3-----,
329,NL,DIM,--3-----,
330,NL,DPH,--3-----,5212N 00633E
331,NL,DIR,--3-----,
332,NL,DSE,--3-----,5128N 00510E
333,NL,DIE,--3-----,
334,NL,DVB,1-3-----,5251N 00620E
335,NL,DKS,--3-----,5321N 00608E
336,NL,IKL,--3-----,5222N 00700E
337,NL,DIN,--3-----,
338,NL,DXP,--3-----,
339,NL,DIK,--3-----,5245N 00447E
340,NL,DRK,--3-----,
341,NL,DWA,123--6--,5155N 00539E
342,NL,DRE,--3-----,5058N 00554E
343,NL,DOE,1-3-----,
344,NL,DOI,1-3-----,
345,NL,DOK,1-------,
346,NL,DBR,123-----,5134N 00330E
347,NL,DMM,--3-----,5121N 00526E
348,NL,DON,1-3-----,
349,NL,DDE,--3-----,5320N 00600E
350,NL,DNU,--3-----,5313N 00533E
351,NL,DNO,--3-----,5301N 00614E
352,NL,DSI,1-3-----,5324N 00640E
353,NL,DOO,--3-----,
354,NL,CGH,--3-----,5153N 00600E
355,NL,DOS,--3-----,5225N 00549E
356,NL,DOW,--3--6--,5158N 00548E
357,NL,DOR,123-----,5147N 00438E
358,NL,DRS,--3--6--,4135N 00451E
359,NL,DRA,--34----,
360,NL,ND5,1----6--,5141N 00359E
361,NL,DPT,-----6--,5200N 00610E
362,NL,DUM,1-3-----,5151N 00526E
363,NL,DRI,--3-----,
364,NL,DRB,-----6--,5203N 00517E
365,NL,DB2,--3-----,5312N 00711E
366,NL,DBU,--3-----,5203N 00448E
367,NL,DRL,1-3-----,5158N 00549E
368,NL,DSM,1-3-----,5318N 00603E
369,NL,D8Z,--3-----,5125N 00348E
370,NL,DRM,--3-----,5142N 00447E
371,NL,DNR,--3-----,5312N 00539E
372,NL,DRO,1-3-----,
373,NL,DRN,--3-----,
374,NL,DRU,--3-----,
375,NL,DUI,--3-----,
376,NL,DVT,123-----,5220N 00455E
377,NL,DUZ,--3-----,
378,NL,DUG,123-----,5149N 00548E
379,NL,DUS,--3-----,5144N 00500E
380,NL,DWI,--3-----,5250N 00622E
381,NL,ECH,--3-----,
382,NL,ECD,1-------,
383,NL,ETN,--3-----,5243N 00624E
384,NL,EHU,1-3-----,5252N 00549E
385,NL,ESU,--3-----,5106N 00552E
386,NL,EWI,--3-----,5157N 00526E
387,NL,ECK,--3-----,5048N 00546E
388,NL,EDM,1-3-----,
389,NL,EVO,--3-----,5230N 00503E
390,NL,EDE,-23-----,
391,NL,EVN,--3-----,5204N 00535E
392,NL,EED,--3-----,
393,NL,EFE,123-----,5210N 00614E
394,NL,LDE,--3-----,5308N 00633E
395,NL,EEL,--3-----,5308N 00634E
396,NL,EJK,--3-----,5215N 00520E
397,NL,EES,--3-----,5215N 00515E
398,NL,EEM,123-----,
399,NL,EMO,--3-----,5324N 00640E
400,NL,EEN,--3-----,
401,NL,EEE,--3-----,
402,NL,EWO,1-3-----,5308N 00556E
403,NL,QCT,--3-----,
404,NL,EGL,--3-----,
405,NL,EAD,--3-----,5237N 00439E
406,NL,EAZ,--3-----,
407,NL,EDB,--3-----,5236N 00439E
408,NL,EIB,--3-----,
409,NL,EYS,--3-----,
410,NL,EIJ,--3-----,5047N 00542E
411,NL,EIN,1234----,5127N 00528E
412,NL,EKK,1-3-----,5130N 00528E
413,NL,ELA,--3-----,5256N 00532E
414,NL,ELB,1-3-----,
415,NL,EDN,--3--6--,5158N 00553E
416,NL,ELX,1-3-----,5113N 00548E
417,NL,ELL,--3-----,
418,NL,EET,--3-----,5144N 00349E
419,NL,ELZ,--3-----,5317N 00637E
420,NL,ELS,--3-----,5135N 00546E
421,NL,BBT,--3-----,5142N 00508E
422,NL,ELO,--3-----,5057N 00546E
423,NL,ELT,--3-----,5217N 00547E
424,NL,QCU,1-3-----,5155N 00551E
425,NL,EML,--3-----,
426,NL,EMM,-23-----,
427,NL,EMC,--3-----,
428,NL,EME,--3-----,5249N 00659E
429,NL,EMP,--3-----,5209N 00609E
430,NL,EPL,1-3-----,5144N 00520E
431,NL,ZAO,-----6--,5219N 00559E
432,NL,EGM,--3-----,5314N 00543E
433,NL,ENG,--3-----,
434,NL,ENK,1-3-----,
435,NL,ENX,--3-----,
436,NL,ENS,1234----,
437,NL,ENP,--3-----,
438,NL,ENT,--3--6--,5218N 00635E
439,NL,EPE,--3-----,
440,NL,EPN,--3-----,
441,NL,EPS,--3-----,5213N 00612E
442,NL,ERI,--3-----,
443,NL,ERA,1-3-----,5243N 00656E
444,NL,ERM,--3-----,
445,NL,ERP,--3-----,
446,NL,ESB,-----6--,5147N 00508E
447,NL,ESP,--3-----,
448,NL,SET,--3-----,5151N 00519E
449,NL,ET2,--3-----,5155N 00620E
450,NL,ETT,--3--6--,5134N 00440E
451,NL,EUR,123-----,
452,NL,EVD,--3-----,5158N 00509E
453,NL,ANK,1-------,5124N 00345E
454,NL,EVG,--3-----,5123N 00347E
455,NL,EWK,1-3-----,5152N 00544E
456,NL,EXZ,1-3-----,5304N 00528E
457,NL,EYL,--3--6--,5054N 00603E
458,NL,EZI,--3-----,5319N 00627E
459,NL,FAR,1-3-----,
460,NL,FEE,--3-----,
461,NL,FWR,--3-----,5320N 00550E
462,NL,FWD,--3-----,5320N 00550E
463,NL,FFJ,--3-----,
464,NL,FIN,--3-----,5312N 00705E
465,NL,FGM,--3-----,5315N 00534E
466,NL,FLE,--3-----,5223N 00648E
467,NL,DFG,-----6--,5244N 06270E
468,NL,,,
469,NL,FJA,1-3-----,
470,NL,FOR,-----6--,5223N 00518E
471,NL,FOX,1-3-----,
472,NL,FKP,1-3-----,5320N 00638E
473,NL,FRK,--3-----,
474,NL,FKD,--3-----,5311N 00532E
475,NL,AAN,--3-----,5156N 00621E
476,NL,GKN,123-----,5315N 00619E
477,NL,GME,--3-----,5258N 00533E
478,NL,GAM,--3-----,
479,NL,GAR,--3-----,
480,NL,GWO,1-3-----,5315N 00639E
481,NL,GRP,--3-----,5309N 00558E
482,NL,GAS,--3-----,
483,NL,GSS,1----6--,5259N 06051E
484,NL,GST,--3-----,
485,NL,GTB,--3-----,
486,NL,GRV,--3-----,
487,NL,GSB,--3-----,5244N 00638E
488,NL,GES,-----6--,5225N 00644E
489,NL,GWU,1-3-----,5252N 00622E
490,NL,GFN,--3-----,5144N 00528E
491,NL,GDM,1-3-----,
492,NL,GLD,--3-----,
493,NL,GOM,--3-----,5125N 00534E
494,NL,GEE,--3-----,
495,NL,GEC,--3-----,
496,NL,GEM,--3-----,
497,NL,GBA,--3-----,5133N 00541E
498,NL,GMD,-----6--,5137N 00521E
499,NL,GND,--3-----,
500,NL,GGN,--3-----,
501,NL,GET,1-3-----,5153N 00558E
502,NL,GNM,--3-----,
503,NL,GEN,--3-----,
504,NL,GLL,123-----,5055N 00544E
505,NL,GIB,--3-----,
506,NL,GIS,--3-----,
507,NL,GSM,--3-----,
508,NL,GIE,--3-----,5153N 00457E
509,NL,GTN,-----6--,5310N 06460E
510,NL,GHO,1-3-----,5244N 00604E
511,NL,GZE,--3-----,
512,NL,GIZ,--3-----,5135N 00455E
513,NL,GZR,--3-----,
514,NL,GLA,--3-----,
515,NL,GDR,1-------,
516,NL,GOF,--3-----,5145N 00410E
517,NL,GOE,1-3-----,
518,NL,GOJ,--3-----,5301N 00546E
519,NL,GOI,--3-----,
520,NL,GOO,1-3-----,
521,NL,GOR,123-----,
522,NL,DJJ,--3-----,5300N 00604E
523,NL,ESL,--3-----,5212N 00612E
524,NL,GOU,123-----,
525,NL,GDK,--3-----,
526,NL,GUN,1-3-----,5154N 00454E
527,NL,GOW,--3-----,
528,NL,GBG,123-----,5237N 00641E
529,NL,GHK,-----6--,5122N 00557E
530,NL,GAV,--3-----,5145N 00544E
531,NL,GBC,--3-----,
532,NL,GRI,-23-----,5316N 00618E
533,NL,GRD,-23-5-7-,5123N 00330E
534,NL,GNK,-23-----,5207N 00509E
535,NL,GRK,1-3-----,5208N 00434E
536,NL,GRW,1-3-----,5159N 00436E
537,NL,GWD,1-3-----,5131N 00537E
538,NL,GRN,--3-----,
539,NL,ZAT,-----6--,5147N 00556E
540,NL,GRS,--3-----,
541,NL,GRQ,1234----,
542,NL,ELD,--3-----,5049N 00544E
543,NL,GDO,123-----,5210N 00622E
544,NL,GRO,--3--6--,5155N 00449E
545,NL,GOK,--3-----,5241N 00513E
546,NL,GTG,--3-----,5313N 00617E
547,NL,GRU,--3-----,5306N 00550E
548,NL,GBV,--3-----,
549,NL,GPN,--3-----,5049N 00554E
550,NL,GJK,--3-----,5314N 00553E
551,NL,HFN,1-3-----,5149N 00513E
552,NL,HGG,--3-----,5131N 00555E
553,NL,HKH,--3-----,
554,NL,HBK,1-3-----,5229N 00450E
555,NL,HRA,--3-----,5136N 00514E
556,NL,HAA,123-----,
557,NL,HLR,123-----,5223N 00441E
558,NL,HMM,--3-----,5200N 00400E
559,NL,ARL,--3-----,5211N 00656E
560,NL,HSE,--3-----,5143N 00512E
561,NL,HZS,-----6--,5207N 00500E
562,NL,HCH,--3-----,
563,NL,HAE,1-3-----,
564,NL,HSN,--3-----,5159N 00507E
565,NL,HST,1-3-----,5130N 00513E
566,NL,HKG,-23-----,5219N 00506E
567,NL,HDB,--3-----,5135N 00432E
568,NL,HFW,--3-----,
569,NL,ALE,--3-----,5159N 00626E
570,NL,HLL,--3-----,
571,NL,HAL,--3-----,
572,NL,HAD,-----6--,5158N 00571E
573,NL,HNK,--3-----,
574,NL,HAN,1-3-----,5126N 00400E
575,NL,HAP,--3-----,
576,NL,HPS,--3-----,5141N 00552E
577,NL,HBH,--3-----,5223N 00643E
578,NL,HBG,1-3-----,
579,NL,HRD,1-3-----,
580,NL,HGS,1-3-----,5149N 00452E
581,NL,HXG,1-3-----,5149N 00450E
582,NL,HRE,1-3-----,5310N 00636E
583,NL,HAF,--3-----,5212N 00618E
584,NL,HKA,--3-----,5311N 00608E
585,NL,HAR,123-----,5311N 00526E
586,NL,HAM,--3-----,
587,NL,HVL,--3-----,5159N 00631E
588,NL,HSK,1----6--,5208N 00545E
589,NL,HKD,-23-----,5300N 00552E
590,NL,HKR,-----6--,5257N 00549E
591,NL,HAS,--3-----,
592,NL,HTM,123-----,5228N 00604E
593,NL,HTK,--3-----,
594,NL,HAB,--3-----,5320N 00618E
595,NL,HAU,--3-----,
596,NL,HVE,1-3-----,5246N 00615E
597,NL,HZK,123--6-B,5130N 00444E
598,NL,HAZ,--3-----,
599,NL,HWD,--3-----,5206N 00435E
600,NL,HDL,1-3-----,
601,NL,HDG,--3-----,5145N 00516E
602,NL,HDN,--3-----,5131N 00518E
603,NL,HHU,--3-----,5143N 00510E
604,NL,HEG,--3-----,5258N 00536E
605,NL,HEE,1-3-----,
606,NL,HSU,--3-----,5159N 00545E
607,NL,HMV,-----6--,5235N 00634E
608,NL,HKE,--3-----,
609,NL,HMS,1-3-----,
610,NL,HDE,--3-----,5223N 00602E
611,NL,HRR,-----6--,5223N 00602E
612,NL,HRV,1-3-----,
613,NL,HRW,1-3-----,
614,NL,HHW,--3-----,
615,NL,HKF,--3-----,
616,NL,HLE,--3-----,5131N 00421E
617,NL,HEN,--3-----,5055N 00602E
618,NL,HRL,-23-----,
619,NL,HBN,--3-----,5144N 00507E
620,NL,HEC,--3-----,
621,NL,HSW,1-3-----,5139N 00528E
622,NL,HET,--3-----,5219N 00616E
623,NL,HZE,--3-----,
624,NL,HEZ,--3-----,5123N 00535E
625,NL,HSM,-----6--,5126N 00602E
626,NL,HEB,--3-----,5157N 00505E
627,NL,HCP,--3-----,5157N 00506E
628,NL,HGN,--3-----,5140N 00558E
629,NL,HEJ,123-----,
630,NL,HJY,--3-----,5139N 00424E
631,NL,HIJ,--3-----,5153N 00425E
632,NL,HKT,--3-----,
633,NL,HEI,--3-----,5309N 00701E
634,NL,HLO,1-3-----,
635,NL,HNN,--3-----,
636,NL,HOD,--3-----,
637,NL,HZA,--3-----,5129N 00349E
638,NL,HNO,--3-----,
639,NL,HEK,-----6--,5149N 00420E
640,NL,HKO,123-----,5201N 00449E
641,NL,HEL,--3-----,
642,NL,HLD,-----6--,5213N 00626E
643,NL,HSL,1-------,
644,NL,HLM,123-----,5129N 00540E
645,NL,HVO,--3-----,
646,NL,HEM,--3-----,5239N 00511E
647,NL,HPE,1-3-----,5311N 00550E
648,NL,HRI,--3-----,5302N 00608E
649,NL,HIA,-23--6--,5151N 00438E
650,NL,HGL,123-----,
651,NL,HNG,--3-----,5203N 00619E
652,NL,HEV,--3-----,5212N 00638E
653,NL,HNZ,1----6--,5121N 00400E
654,NL,HRK,--3-----,
655,NL,HKI,--3-----,
656,NL,HPN,--3-----,5146N 00539E
657,NL,ZAY,-----6--,5111N 00558E
658,NL,HRT,--3-----,5219N 00646E
659,NL,HVD,--3-----,
660,NL,HER,-23--6--,5142N 00519E
661,NL,HWJ,--3-----,5149N 00508E
662,NL,HBT,--3-----,5317N 00540E
663,NL,HTR,1-3-----,
664,NL,HUK,1----6--,5152N 00504E
665,NL,HUM,123-----,5146N 00551E
666,NL,HEU,--3-----,
667,NL,HES,--3-----,5144N 00508E
668,NL,HYY,--3-----,
669,NL,HKM,1-3-----,5256N 00626E
670,NL,HJM,--3-----,5318N 00446E
671,NL,HIL,1-3-----,
672,NL,HVK,1-3-----,5129N 00508E
673,NL,HVS,123-----,
674,NL,HLP,--3-----,5257N 00524E
675,NL,HPH,--3-----,5254N 00458E
676,NL,ZAX,-----6--,5119N 00346E
677,NL,HVH,123-----,5158N 00407E
678,NL,HBR,--3-----,
679,NL,HZR,--3-----,5145N 00520E
680,NL,HOE,--3-----,
681,NL,HON,--34----,
682,NL,HTW,--3-----,5214N 00635E
683,NL,HBU,-23-----,5202N 00448E
684,NL,HKN,--3-----,5252N 00449E
685,NL,HSO,1-3-----,5243N 00648E
686,NL,HOT,1-3-----,5232N 00620E
687,NL,HLT,--3-----,
688,NL,HME,123-----,5237N 00642E
689,NL,HLW,1-3-----,5323N 00553E
690,NL,HNS,--3-----,
691,NL,HTN,1-------,
692,NL,HFD,--3-----,
693,NL,HPL,1-3-----,5122N 00339E
694,NL,HMD,--3-----,5123N 00507E
695,NL,HOZ,--3-----,
696,NL,HGX,--3-----,5224N 00633E
697,NL,HO2,--3-----,5123N 00516E
698,NL,HOH,--3-----,
699,NL,HMI,1-3-----,5254N 00624E
700,NL,HOV,1-34----,
701,NL,HZD,--3-----,5310N 00646E
702,NL,HGZ,--3-----,5309N 00645E
703,NL,HKP,--3-----,
704,NL,HKK,1-3-----,5313N 00630E
705,NL,HOL,--3-----,
706,NL,HOG,--3-----,
707,NL,HGM,1-3-----,5210N 00435E
708,NL,HOS,--3-----,5213N 00553E
709,NL,HGV,--3-----,
710,NL,HOO,--3--6--,5243N 00456E
711,NL,HRN,123-----,
712,NL,HNA,--3-----,
713,NL,HPT,1-3-----,
714,NL,HOR,--3-----,
715,NL,HOX,--3-----,5112N 00556E
716,NL,HSS,--3-----,5151N 00537E
717,NL,HRS,--3-----,
718,NL,HSA,--3-----,5127N 00603E
719,NL,HOU,1-3-----,
720,NL,HTH,--3-----,
721,NL,HUS,--3-----,5156N 00556E
722,NL,HUI,--3-----,
723,NL,HLS,--3-----,5222N 00628E
724,NL,OSR,--3-----,5222N 00544E
725,NL,HUL,--3-----,
726,NL,HML,--3-----,5200N 00614E
727,NL,HUN,1-3-----,5111N 00549E
728,NL,IDS,--3-----,5256N 05430E
729,NL,IJH,--3-----,5240N 00618E
730,NL,JST,--3-----,5301N 00537E
731,NL,IJM,123-----,5228N 00436E
732,NL,ISM,123-----,5234N 00555E
733,NL,IJI,--3-----,5201N 00503E
734,NL,SL7,1----6--,5129N 00554E
735,NL,IZD,--3--6--,5119N 00337E
736,NL,ILO,1-3-----,5104N 00549E
737,NL,ILP,--3-----,
738,NL,ING,--3-----,5158N 00529E
739,NL,ITR,1-3-----,5054N 00542E
740,NL,ITT,--3-----,
741,NL,JSP,--3-----,5230N 00450E
742,NL,JOU,--3-----,
743,NL,JLD,--3-----,
744,NL,JNE,--3-----,5231N 00630E
745,NL,KAG,--3-----,
746,NL,KAA,--3-----,5212N 00438E
747,NL,KTS,--3-----,
748,NL,KKO,1-3-----,
749,NL,KMR,--3-----,
750,NL,KAM,123-----,
751,NL,KAD,--3-----,5134N 00342E
752,NL,KTN,1-3-----,5322N 00638E
753,NL,KAV,--3--6--,5153N 00523E
754,NL,KPL,--3-----,5128N 00357E
755,NL,KAP,--3-----,
756,NL,KTV,123-----,5230N 00604E
757,NL,KTJ,--3-----,5257N 00603E
758,NL,KAT,1-3-----,5134N 00352E
759,NL,KWK,--3-----,
760,NL,KWI,--3-----,5145N 00552E
761,NL,KWR,1-3-----,5212N 00425E
762,NL,KAZ,--3-----,5212N 00425E
763,NL,KWO,--3-----,5228N 00502E
764,NL,KNT,1-3-----,5142N 00542E
765,NL,KEB,--3-----,
766,NL,KZV,1-3-----,5143N 00454E
767,NL,KEK,--3-----,5152N 00600E
768,NL,KDK,--3-----,5135N 00535E
769,NL,KPE,1-3-----,5113N 00550E
770,NL,KRD,1-3-----,5146N 00520E
771,NL,KER,--3-----,
772,NL,KEW,--3-----,5147N 00513E
773,NL,KSL,1-3-----,
774,NL,KST,1-3-----,
775,NL,KHV,1-3-----,5235N 00545E
776,NL,KIJ,--3-----,
777,NL,KLW,--3-----,
778,NL,KBK,--3-----,5210N 00605E
779,NL,KLZ,1-3-----,5244N 00700E
780,NL,KNZ,-----6--,5129N 00439E
781,NL,KLN,-----6--,5053N 00553E
782,NL,KOT,--3-----,5130N 00355E
783,NL,KTL,-----6--,5309N 00559E
784,NL,KLV,1-3-----,5300N 00631E
785,NL,KLT,--3-----,
786,NL,KLU,1-------,
787,NL,KDJ,--3-----,5240N 00445E
788,NL,KOE,--3-----,5242N 00619E
789,NL,KWT,--3-----,
790,NL,KOL,--3-----,5238N 00457E
791,NL,KHA,--3-----,5311N 00644E
792,NL,KHR,1-3-----,5248N 00453E
793,NL,KLM,1-3-----,5317N 00609E
794,NL,KUN,--3-----,5317N 00608E
795,NL,KML,--3-----,5317N 00620E
796,NL,KGH,--3-----,5103N 00557E
797,NL,KGT,-----6--,5121N 00600E
798,NL,KGZ,--3-----,5228N 00448E
799,NL,ZBB,-----6--,5313N 00606E
800,NL,KW2,--3-----,5209N 00540E
801,NL,KOI,--3-----,5148N 00419E
802,NL,ZAN,-----6--,5311N 00615E
803,NL,KWZ,--3-----,5304N 00520E
804,NL,KHM,--3-----,5304N 00605E
805,NL,KTH,--3-----,
806,NL,KOG,--3-----,
807,NL,KOR,--3-----,5208N 00436E
808,NL,KOK,--3-----,
809,NL,KDM,--3-----,5255N 00527E
810,NL,IJK,123-----,5126N 00407E
811,NL,KGB,--3-----,5239N 00553E
812,NL,KMS,1-3-----,
813,NL,KRE,1-3-----,5248N 00452E
814,NL,KRP,--3-----,5154N 00438E
815,NL,KAI,1-3-----,5155N 00436E
816,NL,KDO,--3-----,5213N 00616E
817,NL,KRM,--3-----,
818,NL,KNG,-23-----,5125N 00600E
819,NL,KRU,--3-----,
820,NL,KLD,--3-----,5134N 00425E
821,NL,KDS,--3-----,5214N 00445E
822,NL,KHO,1-3-----,5315N 00601E
823,NL,KWA,--3-----,
824,NL,KWJ,--3-----,5232N 00459E
825,NL,KWS,--3-----,
826,NL,LGK,--3-----,5200N 00613E
827,NL,LAA,--3-----,5132N 00538E
828,NL,LTS,1-3-----,
829,NL,LMI,--3--6--,5124N 00509E
830,NL,LAW,1-3-----,
831,NL,LZA,1-3-----,5143N 00444E
832,NL,LGD,1-3-----,5314N 00643E
833,NL,LWE,1-3-----,5317N 00700E
834,NL,LBG,--3-----,5245N 00501E
835,NL,LAD,--3-----,5142N 00540E
836,NL,LGB,1-3-----,
837,NL,LAF,--3-----,
838,NL,LAM,--3-----,
839,NL,LAK,--3-----,5201N 00521E
840,NL,LIK,--3-----,5241N 00448E
841,NL,LGI,1-3-----,5251N 00551E
842,NL,LGO,-----6--,5306N 00627E
843,NL,LAB,--3-----,5142N 00544E
844,NL,LAG,--3-----,
845,NL,LWG,1-3-----,5139N 00440E
846,NL,LZG,--3-----,
847,NL,LGW,--3-----,5258N 00543E
848,NL,LSG,--3-----,5159N 00430E
849,NL,LAR,--3-----,
850,NL,LTU,--3-----,5159N 00601E
851,NL,LAN,1-------,
852,NL,LWI,--3-----,5319N 00618E
853,NL,LEE,--3-----,
854,NL,NDE,--3-----,5121N 00533E
855,NL,LES,1-3-----,5322N 00623E
856,NL,LRB,--3-----,5154N 00503E
857,NL,LRD,1-3-----,
858,NL,LER,--3-5---,
859,NL,LWR,1234----,
860,NL,LUW,--3-----,5316N 00546E
861,NL,LID,1234----,
862,NL,LDD,1-3-----,
863,NL,LDS,--3-----,
864,NL,LSV,--3-----,5205N 00424E
865,NL,LMU,--3-----,
866,NL,LRU,1-3-----,5214N 00440E
867,NL,LEK,--3-----,
868,NL,LKK,-----6--,5314N 00549E
869,NL,LEY,1-34----,
870,NL,ELE,--3-----,5227N 00621E
871,NL,LMR,--3-----,
872,NL,LEM,1-------,
873,NL,LNT,--3-----,
874,NL,LEO,1-3-----,5307N 00528E
875,NL,LEP,--3-----,5156N 00435E
876,NL,TTE,1----6--,5217N 00616E
877,NL,LED,--3-----,5151N 00554E
878,NL,LNN,--3-----,5131N 00559E
879,NL,LEU,--3-----,
880,NL,LTH,--3-----,
881,NL,GEL,-23-----,5205N 00608E
882,NL,LEV,--3-----,5115N 00551E
883,NL,LWD,--3-----,5129N 00345E
884,NL,LXM,--3-----,
885,NL,LCV,--3-----,
886,NL,LIE,1-------,
887,NL,LEN,1-------,5210N 06000E
888,NL,LRP,--3-----,5125N 00540E
889,NL,LSH,--3-----,5131N 00535E
890,NL,LSL,--3-----,5124N 00549E
891,NL,LIJ,1-3-----,5221N 00446E
892,NL,LME,1-3-----,5052N 00542E
893,NL,LMM,--3-----,
894,NL,LIW,--3-----,5153N 00507E
895,NL,LIR,--3-----,5153N 00554E
896,NL,LIN,--3-----,5109N 00556E
897,NL,LSC,--3-----,
898,NL,LIO,--3-----,5156N 06310E
899,NL,LWO,1-3-----,5258N 00539E
900,NL,QDG,1-3-----,
901,NL,LBK,--3-----,
902,NL,LIT,1-------,
903,NL,LTO,1-3-----,5148N 00528E
904,NL,LIL,--3-----,5307N 00535E
905,NL,LOB,--3-----,
906,NL,LCH,--3-----,
907,NL,LON,--3-----,
908,NL,LAV,1-3-----,
909,NL,LNO,123-----,5214N 00500E
910,NL,LOM,--3-----,
911,NL,LOO,--3-----,5156N 00559E
912,NL,LOZ,--3-----,5138N 00505E
913,NL,LSB,--3-----,5140N 00530E
914,NL,ZAQ,-----6--,5213N 00504E
915,NL,LPK,--3-----,
916,NL,LKL,--3-----,5200N 00503E
917,NL,LPM,--3-----,5320N 00645E
918,NL,LOS,--3-----,
919,NL,LTM,--3-----,5128N 00610E
920,NL,LTN,--3-----,5205N 00537E
921,NL,LJB,--3-----,5242N 00512E
922,NL,LWK,--3-----,5246N 00453E
923,NL,LGE,--3-----,5245N 00551E
924,NL,LYG,--3-----,5117N 00519E
925,NL,MHZ,--3-----,5119N 00536E
926,NL,MHU,1-3-----,5321N 00630E
927,NL,MAV,--3-----,5204N 00521E
928,NL,MAB,--3-----,
929,NL,MSS,--3-----,
930,NL,MRS,--3-----,
931,NL,MRT,--3-----,
932,NL,MSB,1-------,
933,NL,ZBC,-----6--,5121N 00603E
934,NL,MSD,--3-----,
935,NL,MDK,--3-----,5158N 00413E
936,NL,MDR,--3-----,5146N 00520E
937,NL,MGW,--3-----,5109N 00554E
938,NL,MAA,-----6--,5134N 00602E
939,NL,MAL,--3-----,
940,NL,MSL,123-----,
941,NL,MST,1234----,
942,NL,MSV,1-3-----,
943,NL,MAC,--3-----,5148N 05330E
944,NL,QDJ,--3-----,
945,NL,MAK,1-3-----,5303N 00524E
946,NL,MAD,--3-----,
947,NL,MJA,1-3-----,5234N 00555E
948,NL,MTN,--3-----,5248N 00637E
949,NL,MRK,--3--6--,5148N 00524E
950,NL,ZBF,-----6--,5049N 00549E
951,NL,MHO,--3-----,5132N 00534E
952,NL,MAR,1-3-----,
953,NL,MKN,1-3-----,5228N 00506E
954,NL,MAN,--3-----,
955,NL,MRR,--3-----,5320N 00548E
956,NL,MRU,--3-----,5313N 00544E
957,NL,MRM,--3-----,5309N 00616E
958,NL,MAU,1-3-----,
959,NL,MEC,-----6--,5047N 00555E
960,NL,MED,--3-----,5201N 00642E
961,NL,MDM,--3-----,
962,NL,MEK,--3-----,5308N 00656E
963,NL,MEE,--3-----,
964,NL,MKK,--3-----,5155N 00500E
965,NL,MEW,1-------,
966,NL,MES,--3-----,
967,NL,MRN,-23-----,5053N 00545E
968,NL,MWE,--3-----,5143N 00500E
969,NL,MEG,--3-----,5150N 00624E
970,NL,MGN,--3-----,5149N 00534E
971,NL,MEJ,--3-----,5121N 00553E
972,NL,MDO,-23--6--,5128N 00605E
973,NL,MCK,--3-----,
974,NL,MKU,--3-----,5131N 00331E
975,NL,MSA,--3-----,5146N 00404E
976,NL,MNU,1-3-----,5313N 00540E
977,NL,MLD,--3-----,5313N 00540E
978,NL,MSW,1-3-----,5321N 00628E
979,NL,MTW,--3-----,5308N 00652E
980,NL,MEP,123-----,
981,NL,MEB,--3-----,
982,NL,MEH,1-3-----,
983,NL,GE7,1----6--,5152N 00517E
984,NL,MTK,--3-----,5127N 00602E
985,NL,MLA,1-3-----,5144N 00555E
986,NL,MDB,--3-----,
987,NL,MID,123-----,
988,NL,MDL,--3-----,5130N 00336E
989,NL,MIH,1-3-----,
990,NL,MVE,--3-----,
991,NL,MDU,1-3-----,5321N 00639E
992,NL,MIZ,---4----,5130N 00343E
993,NL,MDI,1----6--,5233N 04055E
994,NL,MDF,--3-----,5159N 00419E
995,NL,MDD,--3-----,5252N 00631E
996,NL,ZBD,-----6--,5248N 00500E
997,NL,MWD,1-------,5312N 00700E
998,NL,MIE,1-3-----,5126N 00537E
999,NL,MIJ,--3-----,
1000,NL,MNH,1-------,5148N 00429E
1001,NL,MDT,1-3-----,
1002,NL,MZE,--3-----,5130N 00546E
1003,NL,MLL,--3-----,
1004,NL,MSH,--3-----,5141N 00547E
1005,NL,MLR,1-3-----,5152N 00603E
1006,NL,MBK,--3--6--,
1007,NL,M9G,--3-----,5315N 00536E
1008,NL,MOE,123-----,5141N 00434E
1009,NL,MGS,--3-----,5133N 00511E
1010,NL,MKP,--3-----,
1011,NL,MSN,--3-----,5132N 00421E
1012,NL,MOG,--3-----,
1013,NL,MGT,1-3-----,5303N 00439E
1014,NL,MOL,123-----,5146N 00552E
1015,NL,MOT,--3-----,5134N 00453E
1016,NL,MLW,--3-----,5152N 00447E
1017,NL,MWU,--3-----,5254N 00524E
1018,NL,MNN,--3-----,
1019,NL,MON,--3-----,
1020,NL,MTL,--3-----,5156N 00608E
1021,NL,MNT,--3-----,
1022,NL,MOK,1-3-----,5145N 00553E
1023,NL,MHK,--3-----,5145N 00437E
1024,NL,MOO,--3-----,
1025,NL,MUD,1-3-----,5220N 00504E
1026,NL,MDG,123-----,5220N 00507E
1027,NL,MUN,--3-----,5315N 00555E
1028,NL,MKE,1-3-----,5251N 00553E
1029,NL,MKZ,--3-----,5318N 00616E
1030,NL,MTD,--3-----,5308N 00652E
1031,NL,MUS,-----6--,5255N 00701E
1032,NL,NAW,1-3-----,
1033,NL,NAA,--3-----,
1034,NL,NLG,--3-----,
1035,NL,NEC,1-3-----,5231N 00455E
1036,NL,NST,1-3-----,5146N 00545E
1037,NL,NBW,-23-----,5156N 00534E
1038,NL,ZBA,-----6--,5146N 00510E
1039,NL,NDB,1-3-----,5216N 00503E
1040,NL,NRW,--3-----,
1041,NL,NEE,--3-----,5208N 00637E
1042,NL,NTJ,1-------,5338N 00342E
1043,NL,NER,--3-----,
1044,NL,NEJ,--3-----,5150N 00517E
1045,NL,EER,--3-----,5110N 00548E
1046,NL,NES,123-----,5303N 00551E
1047,NL,NSA,1-3-----,5216N 00453E
1048,NL,NSU,1-3-----,5215N 00452E
1049,NL,NTD,--3-----,5151N 00619E
1050,NL,NXO,--3-----,5242N 00504E
1051,NL,NAM,123--6--,5243N 00652E
1052,NL,NIB,--3-----,5136N 00603E
1053,NL,NB3,--3-----,5257N 00656E
1054,NL,NIU,1-3-----,5128N 00344E
1055,NL,NBU,1-3-----,5222N 00440E
1056,NL,NPK,--3-----,5305N 00659E
1057,NL,NSB,--3----B,5150N 00530E
1058,NL,NSZ,1-3-----,5314N 00712E
1059,NL,NDI,--3-----,5303N 00651E
1060,NL,NWG,1-3-----,
1061,NL,NHM,--3-----,5257N 00603E
1062,NL,NIH,--3-----,5054N 00602E
1063,NL,NBG,123-----,5205N 00449E
1064,NL,NRK,--3-----,5142N 00354E
1065,NL,NIE,1-3-----,5158N 00437E
1066,NL,N8W,1-------,5142N 00354E
1067,NL,NSC,-23-----,5311N 00712E
1068,NL,NWT,--3-----,5143N 00410E
1069,NL,NWK,--3-----,
1070,NL,NKU,--3-----,5141N 00511E
1071,NL,NUW,--3-----,5212N 00523E
1072,NL,NIL,-----6--,5154N 00500E
1073,NL,NLK,--3-----,5153N 00440E
1074,NL,NWL,--3-----,5235N 00618E
1075,NL,LSR,--3-----,
1076,NL,NMG,--3-----,5213N 00546E
1077,NL,NWO,1-3-----,5315N 00659E
1078,NL,NWP,--3-----,
1079,NL,NSD,1-3-----,5312N 00656E
1080,NL,NWS,--3-----,
1081,NL,NWV,-23-----,
1082,NL,NVP,--3-----,5216N 00438E
1083,NL,NVO,--3--6--,5135N 00413E
1084,NL,WEE,--3-----,5252N 00659E
1085,NL,NZI,--3-----,5316N 00621E
1086,NL,NFK,--3--6--,5148N 00540E
1087,NL,NGV,1-3-----,5217N 00502E
1088,NL,NGA,--3-----,5308N 00601E
1089,NL,NHE,--3-----,5257N 00553E
1090,NL,NMD,--3-----,5251N 00534E
1091,NL,JEV,-----6--,5244N 00610E
1092,NL,NZJ,1-3-----,5300N 00537E
1093,NL,NKK,1-3-----,
1094,NL,NKV,--3-----,
1095,NL,NIJ,123-----,
1096,NL,ZBG,-----6--,5133N 00529E
1097,NL,NVD,--3-----,
1098,NL,NIS,--3-----,
1099,NL,NSS,--3-----,
1100,NL,NBN,--3-----,5149N 00416E
1101,NL,NTR,--3-----,5142N 00534E
1102,NL,NGD,--3-----,5258N 00640E
1103,NL,NMT,--3-----,5235N 00457E
1104,NL,OOG,--3-----,5313N 00601E
1105,NL,NOQ,--3-----,5135N 00345E
1106,NL,EOR,--3-----,5312N 00652E
1107,NL,NZ8,1----6--,5154N 00457E
1108,NL,NDN,--3-----,5210N 00450E
1109,NL,NOV,--3-----,5308N 00626E
1110,NL,NWE,--3-----,5142N 00357E
1111,NL,NDH,--3-----,5139N 00432E
1112,NL,NOP,--3-----,5243N 00545E
1113,NL,NSW,--3-----,
1114,NL,NWJ,1----6--,5143N 00348E
1115,NL,NDW,--3-----,5310N 00615E
1116,NL,NDL,1-------,5215N 00426E
1117,NL,NOJ,--3-----,
1118,NL,NWD,--3--6--,5253N 00608E
1119,NL,NDP,--3-----,
1120,NL,NRG,123-5---,5303N 00627E
1121,NL,NNN,--3-----,
1122,NL,NGN,--3-----,5128N 00533E
1123,NL,NUI,--3-----,
1124,NL,NUL,-----6--,5143N 00526E
1125,NL,NUD,--3-----,
1126,NL,NNM,--3-----,5114N 00557E
1127,NL,NUN,--3-----,
1128,NL,NTH,--3-----,
1129,NL,OBD,--3-----,
1130,NL,OCC,--3-----,
1131,NL,ODK,--3-----,
1132,NL,ODL,1----6--,5139N 00542E
1133,NL,ODN,--3-----,5251N 00651E
1134,NL,OGE,1-3-----,
1135,NL,OGW,--3-----,5302N 00542E
1136,NL,OEL,--3-----,5107N 00551E
1137,NL,OIL,-23-----,5131N 00602E
1138,NL,OIH,1-3-----,
1139,NL,OIW,--3-----,
1140,NL,OBE,--3-----,5202N 00607E
1141,NL,OWI,--3-----,5309N 00702E
1142,NL,OLD,--3-----,
1143,NL,OLB,--3-----,5226N 00553E
1144,NL,ODD,-----6--,5254N 00603E
1145,NL,OLE,--3-----,5318N 00624E
1146,NL,OLK,--3-----,
1147,NL,OLZ,-23-----,
1148,NL,OWE,--3-----,5255N 00548E
1149,NL,OSI,-23--6--,5220N 00607E
1150,NL,OBK,--3-----,5220N 00607E
1151,NL,OML,--3-----,5125N 00545E
1152,NL,OMM,--3-----,
1153,NL,ORE,-----6--,5156N 00529E
1154,NL,OOW,--3-----,5058N 00559E
1155,NL,OOY,--3-----,
1156,NL,OGP,1-3-----,5141N 00421E
1157,NL,OPT,--3-----,5159N 00634E
1158,NL,OBG,--3-----,5120N 00330E
1159,NL,OSD,--3-----,
1160,NL,OOE,-----6--,5138N 00454E
1161,NL,OSB,--3-----,
1162,NL,OSM,--3-----,5314N 00531E
1163,NL,OER,--3-----,5240N 00507E
1164,NL,OOD,--3-----,5305N 00453E
1165,NL,OHN,--3-----,5245N 00644E
1166,NL,OTH,--3-----,5153N 00550E
1167,NL,OOS,1-3-----,5139N 00453E
1168,NL,OTL,--3-----,5256N 00500E
1169,NL,OLS,1-3-----,5308N 00539E
1170,NL,OME,1-3-----,5310N 00603E
1171,NL,OTK,--3-----,5255N 00610E
1172,NL,OSW,--3-----,5300N 00618E
1173,NL,OHM,123-----,5301N 00536E
1174,NL,OHZ,123-----,5234N 00500E
1175,NL,OMH,1-3-----,5323N 00610E
1176,NL,OST,--3-----,
1177,NL,OTR,--3-----,5132N 00601E
1178,NL,OSO,--3-----,5128N 00336E
1179,NL,OOL,--3-----,5300N 00618E
1180,NL,OVN,--3-----,
1181,NL,NHO,--3-----,5244N 05505E
1182,NL,OSZ,--3-----,5227N 00452E
1183,NL,OOT,--3-----,
1184,NL,ZBI,-----6--,5152N 00555E
1185,NL,OPE,--3-----,5308N 00604E
1186,NL,OPG,--3-----,5310N 00612E
1187,NL,OPH,-----6--,5184N 00538E
1188,NL,OPD,--3-----,5156N 00538E
1189,NL,OPL,--3-----,5136N 00553E
1190,NL,ZBQ,-----6--,5242N 00457E
1191,NL,OPP,--3-----,5246N 00505E
1192,NL,OUT,--3-----,5304N 00605E
1193,NL,OSP,--3-----,
1194,NL,OSS,123-----,5146N 00532E
1195,NL,OSH,--3--6--,5124N 00420E
1196,NL,OZL,1-3-----,5248N 00555E
1197,NL,ORL,1-3-----,5238N 00450E
1198,NL,OUA,-----6--,5211N 00433E
1199,NL,OGN,1-3-----,
1200,NL,A2Z,1----6--,5151N 00442E
1201,NL,OBL,1-3-----,
1202,NL,ODU,--3-----,5149N 00356E
1203,NL,OBZ,-----6--,5318N 00543E
1204,NL,OAT,--3-----,5153N 00623E
1205,NL,PRW,--3-----,5318N 00544E
1206,NL,ZBH,-----6--,5317N 00543E
1207,NL,OUM,--3-----,5217N 00446E
1208,NL,6LN,--3-----,5243N 00452E
1209,NL,ODP,--3-----,
1210,NL,OHW,123-----,5304N 00549E
1211,NL,OWG,-----6--,5234N 00602E
1212,NL,OGA,123--6--,5300N 00533E
1213,NL,OHE,--3-----,5257N 00552E
1214,NL,OMR,--3-----,5251N 00531E
1215,NL,OMO,--3-----,5139N 00428E
1216,NL,OBO,--3-----,
1217,NL,ODJ,--3-----,5236N 00458E
1218,NL,ODH,--3-----,
1219,NL,ORJ,123-----,5205N 00504E
1220,NL,ODR,123-----,5218N 00454E
1221,NL,OAI,--3--6--,5156N 00438E
1222,NL,OHI,1-3-----,5302N 00452E
1223,NL,OSL,-23-----,5146N 00427E
1224,NL,ODT,--3-----,
1225,NL,ODW,--3-----,
1226,NL,OUG,--3-----,5135N 00428E
1227,NL,OKP,--3-----,5242N 00448E
1228,NL,OLO,--3-----,5213N 00505E
1229,NL,OUD,-----6--,5238N 00446E
1230,NL,OSG,1-3-----,5132N 00348E
1231,NL,OVM,--3-----,
1232,NL,OVR,--3-----,5050N 00539E
1233,NL,OZU,123-----,5208N 00504E
1234,NL,OWK,--3-----,5138N 00359E
1235,NL,OAS,--3-----,5145N 00547E
1236,NL,OVG,1----6--,5202N 00530E
1237,NL,OOV,--3--6--,5214N 00702E
1238,NL,OVL,--3-----,5134N 00557E
1239,NL,OSK,1-3-----,5317N 00647E
1240,NL,OVE,--3-----,5207N 00507E
1241,NL,OVV,-----6--,5223N 00436E
1242,NL,OVZ,--3-----,
1243,NL,PHL,1-3-----,5111N 00552E
1244,NL,PNN,--3-----,5153N 00603E
1245,NL,PAN,--3-----,
1246,NL,PAP,1-3-----,
1247,NL,PAT,--3-----,5310N 00634E
1248,NL,PEE,--3-----,5120N 00559E
1249,NL,PET,--3-----,5304N 00630E
1250,NL,PIZ,-----6--,5309N 00630E
1251,NL,PEK,--3-----,5306N 00700E
1252,NL,PER,123-----,5153N 00423E
1253,NL,PSE,--3-----,5246N 00627E
1254,NL,PTT,--3-----,
1255,NL,ZBM,-----6--,5117N 00346E
1256,NL,PSI,--3-----,5148N 00419E
1257,NL,PZI,1-3-----,5317N 00616E
1258,NL,PIJ,--3-----,
1259,NL,PIN,--3-----,5201N 00426E
1260,NL,ZBN,-----6--,5307N 00526E
1261,NL,PDJ,--3--6--,5147N 00505E
1262,NL,PDK,--3-----,
1263,NL,UTP,-----6--,5159N 04510E
1264,NL,PTG,123--6--,5152N 00424E
1265,NL,PVT,--3-----,
1266,NL,PRB,--3-----,
1267,NL,PUM,1-3-----,
1268,NL,PUT,--3-----,
1269,NL,PTN,--3-----,5215N 00536E
1270,NL,PTK,-----6--,5148N 00434E
1271,NL,QDS,1-3-----,
1272,NL,RAA,--3-----,5142N 00454E
1273,NL,RDK,--3-----,5141N 00455E
1274,NL,RPL,1-3-----,
1275,NL,RAS,1-3-----,
1276,NL,REK,--3-----,5145N 00541E
1277,NL,RUW,--3-----,
1278,NL,REI,--3-----,5313N 00535E
1279,NL,REW,1-------,
1280,NL,RNS,-----6--,5143N 00346E
1281,NL,RNK,1-3-----,
1282,NL,RWD,--3-----,5205N 00532E
1283,NL,NLD,-----6--,5154N 00552E
1284,NL,RDM,--3-----,5122N 00510E
1285,NL,REU,--3-----,
1286,NL,RHD,1-3-----,
1287,NL,RHE,--3-----,
1288,NL,RHO,--3-----,
1289,NL,RID,1-3-----,
1290,NL,RED,1-3-----,5131N 00501E
1291,NL,RIE,--3-----,
1292,NL,RTH,--3-----,5121N 00523E
1293,NL,RJE,--3-----,
1294,NL,RJV,--3-----,
1295,NL,RSW,1-------,5212N 00440E
1296,NL,RBG,1-3-----,
1297,NL,RIW,--3-----,5152N 00607E
1298,NL,RWI,--3--6--,5212N 00435E
1299,NL,RIJ,1-3-----,5252N 00530E
1300,NL,RYB,--3-----,
1301,NL,RSH,1-3-----,5215N 00443E
1302,NL,RJS,--3-----,
1303,NL,RIH,--3-----,5218N 00631E
1304,NL,RYS,1-3-----,
1305,NL,RLA,123-----,5125N 00411E
1306,NL,RGT,--3-----,5318N 00557E
1307,NL,XXX,1-------,
1308,NL,RTT,--3-----,5127N 00338E
1309,NL,RBO,1-3-----,
1310,NL,ROC,1-3-----,5152N 00404E
1311,NL,ROD,--3-----,
1312,NL,ROR,--3-----,
1313,NL,RAV,--3-----,
1314,NL,ROE,--3-----,5109N 00600E
1315,NL,OMD,1-3-----,
1316,NL,RG2,--3-----,5241N 00616E
1317,NL,ROG,--3-----,
1318,NL,ROL,--3-5---,5259N 00638E
1319,NL,RDS,--3-----,5325N 00646E
1320,NL,RSL,1-3-----,
1321,NL,RDH,--3-----,5307N 00548E
1322,NL,ROO,-23-5---,5132N 00428E
1323,NL,RST,1-3-----,5105N 00549E
1324,NL,RMA,--3-----,
1325,NL,GRM,--3-----,5148N 00520E
1326,NL,RTM,12345---,5155N 00430E
1327,NL,RTU,--3-----,5256N 00554E
1328,NL,REE,--3-----,5237N 00611E
1329,NL,ROZ,1-------,
1330,NL,RZG,--3-----,5217N 00444E
1331,NL,RZD,--3-----,
1332,NL,RCP,--3-----,
1333,NL,RUI,--3-5---,5246N 00621E
1334,NL,RWO,--3-----,5243N 00615E
1335,NL,RUM,--3-----,
1336,NL,RTG,1-3-----,5238N 00453E
1337,NL,RUT,1-3-----,5248N 00542E
1338,NL,RRO,--3-----,5205N 00627E
1339,NL,HAK,-----6--,5130N 00400E
1340,NL,SVE,--3-----,5220N 00649E
1341,NL,SAB,1-------,1738N 06314W
1342,NL,SMB,-23-----,5138N 00558E
1343,NL,STC,--3-----,5226N 00438E
1344,NL,SAP,--3-----,
1345,NL,SVG,1-3-----,5114N 00348E
1346,NL,SAS,--3-----,
1347,NL,SCH,1-3-----,5247N 00447E
1348,NL,SBU,1-3-----,5248N 00446E
1349,NL,SCJ,--3--6--,5145N 00538E
1350,NL,SKW,1-3-----,5159N 00511E
1351,NL,SRD,1-3-----,5144N 00351E
1352,NL,SFR,--3-----,5304N 00541E
1353,NL,SBG,--3-----,5256N 00546E
1354,NL,SMD,1-3-----,
1355,NL,SMZ,123-----,5311N 00657E
1356,NL,SLH,-----6--,5238N 00507E
1357,NL,SLN,--3-----,5150N 00455E
1358,NL,SHO,1-3-----,5236N 00453E
1359,NL,ZE5,1----6--,5133N 00406E
1360,NL,SRP,--3-----,5205N 00529E
1361,NL,SCE,1-3-----,5206N 00415E
1362,NL,SCI,123-----,
1363,NL,SMO,1-3-----,5329N 00610E
1364,NL,SCY,-----6--,5129N 00433E
1365,NL,SND,1-3-----,
1366,NL,SDW,1-3-----,5314N 00649E
1367,NL,SCM,--3-----,5055N 00550E
1368,NL,SOG,--3-----,5051N 00553E
1369,NL,SCN,--3-----,
1370,NL,SVD,--3-----,5058N 00559E
1371,NL,SPL,--3-----,
1372,NL,SRK,--3-----,
1373,NL,SCT,--3-----,5241N 00615E
1374,NL,SCP,--3-----,5159N 00418E
1375,NL,SCO,--3-----,5121N 00333E
1376,NL,SCB,--3-----,
1377,NL,SHH,1-3-----,
1378,NL,SC2,--3-----,5251N 00645E
1379,NL,SOR,--3-----,5130N 00600E
1380,NL,SRL,1-------,5244N 00438E
1381,NL,SZL,1-3-----,5249N 00548E
1382,NL,SWD,--3-----,5139N 00655E
1383,NL,SWL,1-3-----,5320N 00627E
1384,NL,SER,--3-----,5133N 00336E
1385,NL,SVM,--3-----,5125N 00602E
1386,NL,SBM,--3-----,5313N 00529E
1387,NL,SGL,--3-----,5214N 00507E
1388,NL,GRA,1-------,5147N 00437E
1389,NL,SGM,--3-----,5140N 00448E
1390,NL,SGP,--3--6--,5127N 00354E
1391,NL,GRZ,1-3-----,5200N 00410E
1392,NL,HDR,--3-----,5130N 00349E
1393,NL,HRB,--3--6-B,5153N 00615E
1394,NL,SHB,--3-----,5232N 00601E
1395,NL,SHE,--3-----,5127N 00346E
1396,NL,SHR,--3-----,5130N 00352E
1397,NL,HTB,123-----,5142N 00519E
1398,NL,SDD,--3-----,5315N 00652E
1399,NL,SRB,--3-----,5304N 00543E
1400,NL,SBS,1-3-----,5319N 00558E
1401,NL,SIV,--3-----,
1402,NL,SIM,-23-----,5050N 00559E
1403,NL,SAR,1-3-----,5148N 00521E
1404,NL,SAN,--3-----,5317N 00540E
1405,NL,SIN,--3-----,5138N 00553E
1406,NL,SUD,--3-----,
1407,NL,SJP,--3-----,5316N 00536E
1408,NL,TEE,-----6--,
1409,NL,SMN,--3-----,5246N 00445E
1410,NL,ZBE,-----6--,5247N 00444E
1411,NL,SMK,--3-----,5133N 00404E
1412,NL,SMV,1-3-----,5247N 00443E
1413,NL,SMG,1-3-----,5138N 00521E
1414,NL,SNG,--3-----,5255N 00545E
1415,NL,SOB,--3-----,5109N 00600E
1416,NL,OED,--3--6--,5134N 00528E
1417,NL,ANC,123-----,5240N 00447E
1418,NL,PLP,--3-----,5137N 00409E
1419,NL,SWB,--3-----,5133N 00436E
1420,NL,SNN,1----6--,5136N 00406E
1421,NL,SJO,--3-----,5255N 00551E
1422,NL,SRJ,-----6--,5140N 00408E
1423,NL,SIT,--3-----,
1424,NL,SIG,--3-----,5100N 00552E
1425,NL,LGR,--3-----,5238N 00633E
1426,NL,SWK,1-3-----,5149N 00457E
1427,NL,SLD,1-3-----,5149N 00446E
1428,NL,SKG,1-3-----,5249N 00551E
1429,NL,SKM,1-3-----,5209N 00451E
1430,NL,SLI,--3-----,
1431,NL,SLO,1-3-----,5313N 00648E
1432,NL,SDP,--3-----,5251N 00458E
1433,NL,SLT,1-3-----,5254N 00539E
1434,NL,SLS,--3-----,
1435,NL,SLU,1-3-----,5117N 00350E
1436,NL,SML,1-------,
1437,NL,SMI,1-3-----,5257N 00627E
1438,NL,SNK,--3-----,
1439,NL,SNW,--3-----,
1440,NL,SOE,--3-----,
1441,NL,SOS,--3-----,
1442,NL,SOM,--3-----,
1443,NL,SIJ,--3-----,5146N 00409E
1444,NL,SON,1-------,5130N 00530E
1445,NL,SBR,--3-----,5130N 00529E
1446,NL,SOD,--3-----,5252N 00535E
1447,NL,SPD,--3-----,
1448,NL,SPK,--3-----,
1449,NL,SPB,--3-----,
1450,NL,SPA,--3-----,
1451,NL,SEK,--3-----,5239N 00457E
1452,NL,SJK,--3-----,
1453,NL,SPI,1-3-----,
1454,NL,SCA,123-----,5140N 00503E
1455,NL,SPC,-----6--,5140N 00503E
1456,NL,SPR,--3-----,5133N 00436E
1457,NL,SAT,1-3--6--,5144N 00415E
1458,NL,SDM,1-3-----,5205N 00503E
1459,NL,STK,--3-----,
1460,NL,SPG,--3-----,5136N 00426E
1461,NL,SDB,1-3-----,5137N 00431E
1462,NL,STH,--3-----,
1463,NL,SHN,--3-----,5323N 00642E
1464,NL,SVN,1-3-----,5135N 00400E
1465,NL,STA,--3-----,
1466,NL,SBC,--3-----,5242N 00514E
1467,NL,STE,--3-----,
1468,NL,SDN,1-3-----,5204N 00611E
1469,NL,STW,--3-----,
1470,NL,SEW,--3-----,5247N 00607E
1471,NL,STG,--3--6--,5251N 00604E
1472,NL,STI,--3-----,
1473,NL,STD,1-3-----,
1474,NL,STR,-----6--,5121N 00536E
1475,NL,STB,--3-----,5136N 00554E
1476,NL,SVW,--3-----,5108N 00551E
1477,NL,SVT,--3-----,5209N 00502E
1478,NL,SKL,1-3-----,5241N 00650E
1479,NL,STN,--3-----,
1480,NL,SLG,--3-----,5216N 00456E
1481,NL,SOP,1-3-----,5249N 00443E
1482,NL,SPV,1-3-----,5248N 00443E
1483,NL,SWJ,--3-----,5158N 00446E
1484,NL,SPT,1-3-56--,5237N 00449E
1485,NL,ZBU,-----6--,5206N 00428E
1486,NL,STP,--3-----,5112N 00543E
1487,NL,SRE,1-3--6--,5154N 00445E
1488,NL,SJB,--3-----,
1489,NL,TRJ,--3-----,
1490,NL,SRT,1-------,5256N 00459E
1491,NL,STS,-----6--,5314N 00613E
1492,NL,SUA,--3-----,5311N 00600E
1493,NL,SMR,--3-----,5310N 00600E
1494,NL,SUR,--3-----,
1495,NL,ZAJ,-----6--,5104N 00552E
1496,NL,SWM,--3-----,
1497,NL,SWI,--3-----,5234N 00538E
1498,NL,GOY,--3-----,5200N 00514E
1499,NL,THA,--3-----,5225N 00553E
1500,NL,THE,1-3-----,5300N 00447E
1501,NL,KRI,1-3-----,5239N 00451E
1502,NL,LKN,1-3-----,
1503,NL,STO,1-3-----,
1504,NL,VET,--3-----,5244N 00452E
1505,NL,TWA,1-3-----,5313N 00656E
1506,NL,TZA,--3-----,
1507,NL,TEG,--3-----,
1508,NL,NTO,-23-----,5317N 00641E
1509,NL,TPT,--3-----,5318N 00644E
1510,NL,TEA,--3-----,
1511,NL,TPH,--3-----,
1512,NL,TAK,--3-----,
1513,NL,THD,1-------,5202N 00410E
1514,NL,TBO,--3-----,
1515,NL,TER,-----6--,5138N 00445E
1516,NL,TRH,--3-----,5302N 00546E
1517,NL,TRO,1-3-----,5302N 00547E
1518,NL,TMN,--3-----,5318N 00703E
1519,NL,TMZ,123-----,5318N 00702E
1520,NL,TND,--3-----,5323N 00558E
1521,NL,TNZ,1-3-----,5128N 00349E
1522,NL,TSL,1-3-----,5324N 00521E
1523,NL,TEU,--3-----,5210N 00531E
1524,NL,TRI,--3-----,5301N 00603E
1525,NL,TRW,--3-----,5217N 00606E
1526,NL,TET,-----6--,5136N 00449E
1527,NL,TGE,--34----,5214N 00603E
1528,NL,TEX,1--4----,
1529,NL,TEY,--3-----,5213N 00429E
1530,NL,HAG,-234-6--,5205N 00418E
1531,NL,THO,1-3-----,
1532,NL,THN,--3-----,5109N 00550E
1533,NL,TIE,-23-----,
1534,NL,TNY,--3-----,5129N 00605E
1535,NL,TYT,--3-----,5312N 00600E
1536,NL,FR5,--3-----,5302N 00600E
1537,NL,TLB,123-----,
1538,NL,TKW,1-3-----,5303N 00530E
1539,NL,TOL,--3-----,5310N 00622E
1540,NL,TLD,--3--6--,5203N 00613E
1541,NL,TKM,1-3-----,5151N 00606E
1542,NL,TOK,1-3-----,5241N 00541E
1543,NL,TOR,1-3-----,
1544,NL,TRC,--3-----,5153N 00516E
1545,NL,TBB,--3-----,
1546,NL,TUL,1-3-----,5149N 00514E
1547,NL,TUH,--3-----,
1548,NL,2LL,--3-----,5255N 00658E
1549,NL,TWE,--3-----,
1550,NL,TWT,--3-----,5225N 00638E
1551,NL,TWY,--3-----,5314N 00606E
1552,NL,TWI,--3--6--,5315N 00603E
1553,NL,TWL,--3-----,5327N 00602E
1554,NL,TNO,--3-----,5305N 00636E
1555,NL,TZU,--3-----,5314N 00533E
1556,NL,UDL,--3-----,
1557,NL,UDE,--3-----,5140N 00537E
1558,NL,UDH,--3-----,
1559,NL,UFE,1-3-----,5247N 00617E
1560,NL,ZDS,--3-----,5211N 00556E
1561,NL,UTR,1-3-----,5218N 00505E
1562,NL,UTG,123-----,5232N 00443E
1563,NL,UIT,--3-----,
1564,NL,UTZ,--3-----,
1565,NL,ULS,--3-----,
1566,NL,ULF,--3-----,
1567,NL,UCT,--3-----,5127N 00451E
1568,NL,ULR,1-------,
1569,NL,NBV,-----6--,5133N 04480E
1570,NL,URE,-----6--,5305N 00610E
1571,NL,URK,1-3-----,
1572,NL,UMO,1-3-----,5100N 00546E
1573,NL,URS,--3-----,
1574,NL,NPZ,1-------,5326N 00633E
1575,NL,UTC,-234----,5205N 00508E
1576,NL,VLS,--3-----,
1577,NL,VAA,--3-----,
1578,NL,VLK,--3-----,5210N 00425E
1579,NL,VLB,--3-----,5052N 00550E
1580,NL,VKS,1-3-----,5130N 00330E
1581,NL,VAL,--3-----,
1582,NL,VTH,--3-----,5253N 00659E
1583,NL,VNE,--3-----,
1584,NL,VAR,1-3-----,5231N 00623E
1585,NL,VSR,--3-----,
1586,NL,VSS,--3-----,5226N 00650E
1587,NL,NEV,1-3--6--,5147N 00507E
1588,NL,VDM,123-----,
1589,NL,VNK,-23-----,5245N 00612E
1590,NL,VEE,--3-----,
1591,NL,VNO,123-----,5243N 00651E
1592,NL,VWO,-----6--,5314N 00559E
1593,NL,VER,1-------,5133N 00340E
1594,NL,VEG,--3-----,
1595,NL,D6D,--3-----,5146N 00518E
1596,NL,VED,--3-----,5125N 00610E
1597,NL,VDH,--3-----,
1598,NL,VHA,--3-----,
1599,NL,VEP,--3-----,
1600,NL,VEL,1-------,
1601,NL,VSN,1-3--6--,5228N 00439E
1602,NL,VBK,--3-----,
1603,NL,VHR,--3-----,5136N 00544E
1604,NL,VNH,--3-----,
1605,NL,VEN,1234----,5122N 00610E
1606,NL,VLO,--3-----,
1607,NL,VNR,--3-----,
1608,NL,VZH,--3-----,5142N 00601E
1609,NL,VSM,--3-----,
1610,NL,VLN,-----6--,5129N 00557E
1611,NL,VAN,1-3-----,
1612,NL,VKK,--3-----,5206N 00614E
1613,NL,VHT,--3-----,5220N 00550E
1614,NL,VHN,--3-----,5322N 00618E
1615,NL,VIE,1-------,
1616,NL,VPD,-----6--,5152N 00410E
1617,NL,VVL,1-3-----,5313N 00629E
1618,NL,VIJ,--3-----,
1619,NL,VTR,--3-----,5231N 00621E
1620,NL,VKL,--3-----,5142N 00528E
1621,NL,VKB,--3-----,5235N 00621E
1622,NL,VIV,--3-----,
1623,NL,VSI,-23-----,5316N 00615E
1624,NL,VLA,123-----,
1625,NL,VWD,1-3-----,5302N 00707E
1626,NL,VLT,--3-----,
1627,NL,VLL,1-------,
1628,NL,VLM,--3-----,
1629,NL,VLI,123-----,5127N 00342E
1630,NL,VLD,--3-----,
1631,NL,VDL,--3-----,5053N 00555E
1632,NL,VGB,1-3-----,
1633,NL,VGG,--3-----,5224N 00437E
1634,NL,VLW,--3-----,5119N 00358E
1635,NL,VOD,--3-----,
1636,NL,VLE,--3-----,5138N 00539E
1637,NL,VKR,1-3-----,5140N 00417E
1638,NL,VHV,--3-----,5241N 00557E
1639,NL,ZBW,-----6--,5152N 00419E
1640,NL,VOB,1-3-----,
1641,NL,VOH,--3-----,
1642,NL,VOS,1-3-----,
1643,NL,VRS,--3-----,
1644,NL,VHZ,--3-----,
1645,NL,VFR,--3-----,5206N 00618E
1646,NL,VGR,--3-----,5159N 00636E
1647,NL,VDN,1-------,
1648,NL,VPL,--3-----,5133N 00553E
1649,NL,VRD,--3-----,
1650,NL,VIS,----5---,5304N 00634E
1651,NL,VRZ,--3-----,
1652,NL,VRH,--3-----,
1653,NL,VRA,1-3-----,5214N 00447E
1654,NL,VGT,--3-----,
1655,NL,VRN,0-------,
1656,NL,WAL,0-------,
1657,NL,WAA,1-------,
1658,NL,WLK,1-3-----,
1659,NL,WDE,1-3-----,5125N 00403E
1660,NL,WAB,--3-----,
1661,NL,WDN,--3-----,5150N 00516E
1662,NL,WDR,--3-----,5204N 00449E
1663,NL,WRL,--3-----,
1664,NL,WXN,--3-----,5307N 00533E
1665,NL,WAD,1-3-----,
1666,NL,WAG,-----6--,5139N 00444E
1667,NL,WGW,1-3-----,
1668,NL,WHW,--3-----,5048N 00556E
1669,NL,WSO,1-3----B,5123N 00402E
1670,NL,WXM,--3-----,
1671,NL,WAJ,--3-----,
1672,NL,WAS,1-3-----,5132N 00605E
1673,NL,WAP,--3-----,
1674,NL,WRD,--3-----,
1675,NL,WFM,--3-----,
1676,NL,WHU,1-3-----,5321N 00626E
1677,NL,WRA,--3-----,5309N 00550E
1678,NL,WMH,--3-----,
1679,NL,WRM,1-3-----,
1680,NL,WAR,--3-----,
1681,NL,WTN,1-3-----,
1682,NL,WTA,--3-----,5309N 00554E
1683,NL,WPI,--3-----,5141N 00457E
1684,NL,WSS,--3-----,
1685,NL,WTG,--3-567-,
1686,NL,WHZ,1-3-----,5311N 00639E
1687,NL,WAT,--3-----,
1688,NL,WTL,--3-----,5227N 00502E
1689,NL,WKS,1-3-----,
1690,NL,WRO,--3-----,5221N 00651E
1691,NL,WRT,123-----,
1692,NL,WSP,1-3-----,
1693,NL,WHO,1-3-----,5322N 00625E
1694,NL,WHL,--3-----,
1695,NL,WDM,--3-----,
1696,NL,WKO,--3-----,5207N 00543E
1697,NL,WEL,1-3-----,5133N 00606E
1698,NL,WLL,--3-----,
1699,NL,WRP,123-----,5310N 00536E
1700,NL,WED,--3-----,
1701,NL,WWL,--3-----,5215N 00557E
1702,NL,WWS,--3-----,5215N 00557E
1703,NL,WKD,1-------,
1704,NL,WER,-----6--,5201N 00514E
1705,NL,WHT,--3-----,
1706,NL,WEH,--3-----,
1707,NL,WPP,-----6--,5219N 00612E
1708,NL,WSM,--3-----,
1709,NL,WMW,--3-----,5153N 00531E
1710,NL,WBS,--3--6--,5234N 00453E
1711,NL,WBO,1-3-----,5209N 00508E
1712,NL,WDP,--3-----,
1713,NL,WBK,1-3-----,5251N 00636E
1714,NL,WBR,--3-----,5311N 00641E
1715,NL,WGE,--3-----,5318N 00605E
1716,NL,WES,--3-----,
1717,NL,WHN,--3-----,5120N 00523E
1718,NL,G7R,--3-----,5309N 00659E
1719,NL,WTV,--3-----,5252N 00619E
1720,NL,WEV,--3-----,
1721,NL,WGD,1-3-----,5233N 00447E
1722,NL,WHK,--3-----,5317N 00534E
1723,NL,WKP,1-3-----,5131N 00326E
1724,NL,WAM,--3-----,5231N 00447E
1725,NL,WET,--3-----,5200N 00413E
1726,NL,WEM,--3-----,
1727,NL,WSW,--3-----,5253N 00600E
1728,NL,WTE,1-------,
1729,NL,WVO,--3-----,5152N 00404E
1730,NL,WTU,--3-----,
1731,NL,WTZ,123-----,
1732,NL,WEU,123-----,5151N 00549E
1733,NL,WZP,--3-----,5228N 00600E
1734,NL,WIE,--3-----,5315N 00537E
1735,NL,WID,--3-----,
1736,NL,WRG,1-3-----,5256N 00502E
1737,NL,WGR,1-3-----,5251N 00501E
1738,NL,WWE,--3-----,5250N 00452E
1739,NL,WIW,1-3-----,
1740,NL,WWD,--3-----,5250N 00451E
1741,NL,WRU,--3-----,5324N 00601E
1742,NL,I2W,--3-----,5216N 00556E
1743,NL,WFR,-----6--,5307N 00541E
1744,NL,WCH,--3-----,
1745,NL,WWR,--3-----,
1746,NL,WIM,--3-----,5212N 00509E
1747,NL,WDS,--3-----,
1748,NL,WWO,--3-----,5230N 00457E
1749,NL,WGT,--3-----,5317N 00608E
1750,NL,WIJ,--3-----,
1751,NL,WIK,--3-----,
1752,NL,WKA,--3-----,5204N 00438E
1753,NL,WBD,1-3-----,
1754,NL,WEA,--3-----,5145N 00508E
1755,NL,WND,--3-----,5312N 00528E
1756,NL,WIG,1----6--,5219N 00601E
1757,NL,WJW,--3-----,5303N 00611E
1758,NL,WJS,--3-----,5249N 00631E
1759,NL,WOB,--3-----,5139N 00546E
1760,NL,WLD,--3-----,
1761,NL,WHD,123-----,5132N 00354E
1762,NL,WHA,--3-----,5252N 00610E
1763,NL,WIS,--3-----,
1764,NL,WLN,--3-----,
1765,NL,WIL,-----6--,5213N 00608E
1766,NL,WNK,--3-----,
1767,NL,WSC,1-34----,
1768,NL,WSN,--3-----,5153N 00543E
1769,NL,WSU,--3-----,5309N 00538E
1770,NL,WNS,123-----,5320N 00631E
1771,NL,WTR,--3-----,5127N 00520E
1772,NL,WTW,-23-----,
1773,NL,WSL,--3-----,5221N 00558E
1774,NL,WZE,--3-----,5135N 00345E
1775,NL,WTH,--3-----,5234N 00624E
1776,NL,WIT,--3-----,5250N 00618E
1777,NL,WIU,1----6--,
1778,NL,WOE,--34----,5126N 00418E
1779,NL,WOR,1-3-----,
1780,NL,WGN,--3-----,
1781,NL,WOL,-23-----,5200N 00547E
1782,NL,WLM,--3-----,5320N 00533E
1783,NL,WKG,1-3-----,
1784,NL,WVG,--3-----,
1785,NL,WMS,--3-----,5307N 00535E
1786,NL,MKM,1-------,5303N 00523E
1787,NL,WKU,1-3-----,5259N 00527E
1788,NL,WMO,1-3-----,5230N 00449E
1789,NL,WOM,--3-----,5230N 00449E
1790,NL,WRV,--3-----,
1791,NL,WBG,--3-----,5210N 00438E
1792,NL,WDB,--3-----,
1793,NL,WCM,1-3-----,5149N 00500E
1794,NL,WSD,--3-----,5257N 00538E
1795,NL,WOU,--3-----,
1796,NL,WPL,--3-----,5129N 00423E
1797,NL,YSK,1-3-----,
1798,NL,YPG,--3-----,
1799,NL,ZAH,-----6--,5119N 00355E
1800,NL,ZAA,123-----,
1801,NL,ZAD,--3-----,
1802,NL,ZST,-----6--,5227N 00450E
1803,NL,ZLK,--3-----,
1804,NL,ZLB,--3-----,
1805,NL,ZPO,1-3-----,5242N 00652E
1806,NL,ZDV,--3-----,
1807,NL,ZDM,--3-----,
1808,NL,ZDK,--3-----,5155N 00500E
1809,NL,ZLA,--3-----,5142N 00540E
1810,NL,ZEE,--3-----,5234N 00500E
1811,NL,ZEW,1-3-----,5221N 00533E
1812,NL,ZEG,--3-----,5134N 00431E
1813,NL,ZIT,--3-----,5205N 00514E
1814,NL,ZEM,--3-----,5200N 00621E
1815,NL,ZND,--3-----,
1816,NL,ZET,--3-----,
1817,NL,ZEV,-23-----,
1818,NL,ZVG,1-3-----,5144N 00534E
1819,NL,ZVB,--3-----,5138N 00435E
1820,NL,ZBK,-23-----,5140N 00440E
1821,NL,ZHV,--3-----,5210N 00447E
1822,NL,ZVH,-----6--,5307N 00621E
1823,NL,ZHZ,--3-----,5211N 00433E
1824,NL,ZHU,--3-----,
1825,NL,ZHN,--3-----,
1826,NL,ZIE,1-------,
1827,NL,ZDW,--3-----,5244N 00450E
1828,NL,ZPS,1-3-----,5244N 00441E
1829,NL,ZOE,--3-----,
1830,NL,ZTM,--3-----,
1831,NL,ZOU,1-3-----,5207N 00430E
1832,NL,ZWD,--3-----,
1833,NL,ZLD,1-3-----,5130N 00328E
1834,NL,ZOT,--3-----,
1835,NL,ZBJ,--3-----,5145N 00422E
1836,NL,ZBO,123-----,5310N 00652E
1837,NL,ZBY,-----6--,5114N 00354E
1838,NL,ZEI,1-3-----,
1839,NL,ZUI,--3-----,5315N 00624E
1840,NL,ZUL,1-3-----,
1841,NL,ZDL,1-3-----,5306N 00641E
1842,NL,ZOB,-----6--,5231N 00456E
1843,NL,ZDP,--3-----,5158N 00437E
1844,NL,ZSC,--3-----,5241N 00449E
1845,NL,SWF,--3-----,5302N 00540E
1846,NL,ZWL,-23-----,5316N 00636E
1847,NL,ZCH,--3-----,5148N 00508E
1848,NL,ZUN,--3-----,5220N 00630E
1849,NL,ZUD,--3-----,
1850,NL,ZUR,--3-----,5307N 00524E
1851,NL,ZUT,123-----,
1852,NL,ZUU,--3-----,5320N 00623E
1853,NL,ZAG,--3-----,
1854,NL,ZGD,--3-----,
1855,NL,ZWE,--3-----,
1856,NL,ZHO,1-3-----,5219N 00437E
1857,NL,ZMM,--3-----,
1858,NL,ZWA,--3-----,
1859,NL,ZBR,--3-----,5211N 00531E
1860,NL,ZWB,--3-----,5137N 00439E
1861,NL,ZWW,-----6--,5152N 00413E
1862,NL,ZWS,1-3-----,
1863,NL,ZGE,--3-----,5252N 00635E
1864,NL,ZWI,123-----,
1865,NL,ZWN,1-3-----,5244N 00641E
1866,NL,ZWO,-23-----,
